{
  "sleep_times": [
    {
      "id": "5",
      "day": "토",
      "time": "12:00"
    },
    {
      "id": "10",
      "day": "Sunday",
      "time": "7:30"
    }
  ],
  "posts": [
    {
      "title": "ㅁㄴㅇㄹcc",
      "content": "ㅁㄴㅇㄹcc",
      "writer": "ㅁㄴㅇㄹcc",
      "id": "73f5"
    },
    {
      "id": "61c4",
      "title": "ㅁㄴㅇㄹ",
      "content": "ㅁㄴㅇㄹ",
      "writer": "ㅁㄴㅇㄹ"
    },
    {
      "id": "81de",
      "title": "ㅁㄴㅇㄹ",
      "content": "ㅁㄴㅇㄻㄴ",
      "writer": "ㅇㄻㄴㅇㄹ"
    },
    {
      "id": "e051",
      "title": "zzz",
      "content": "zzz",
      "writer": "zzz"
    }
  ]
}